Metric,Value
Accuracy,0.9050410316529894
Precision,0.8547717842323651
Recall,0.9739952718676123
F1,0.9104972375690608
