Metric,Value
Accuracy,0.4951889227880779
Precision,0.4953802416488984
Recall,0.9900568181818182
F1,0.660350544765514
