Metric,Value
Accuracy,0.508566064304154
Precision,0.8461538461538461
Recall,0.010416666666666666
F1,0.0205799812909261
