Metric,Value
Accuracy,0.9355216881594373
Precision,0.9181818181818182
Recall,0.9550827423167849
F1,0.936268829663963
